instance,algorithm,profit_closure,makespan_closure,score_dsp,time,status,gap,targets,seq_length_closure,violations_règles,rel_err_profit_vs_milp_closure
salbp_instance_n=1000_203_cut259,MILP_full_profit,632.0,31.0,496.0,1819.7653889656067,TimeLimit,2.09%,4,"['C010', 'C015', 'C005', 'C033', 'C024', 'C040', 'C055', 'C073', 'C044', 'C067', 'C092', 'C117', 'C008', 'C031', 'C047', 'C018', 'C140', 'C004', 'C157', 'C178', 'C035', 'C023', 'C061', 'C193', 'C051', 'C083', 'C207', 'C039', 'C058', 'C103', 'C077']",0,
salbp_instance_n=1000_203_cut259,grasp_vnd,700.0,35.0,630.0,0.04778027534484863,Completed,-10.76%,4,"['C005', 'C015', 'C004', 'C024', 'C008', 'C033', 'C040', 'C044', 'C018', 'C010', 'C023', 'C039', 'C067', 'C031', 'C055', 'C035', 'C051', 'C058', 'C047', 'C077', 'C073', 'C092', 'C117', 'C061', 'C140', 'C157', 'C083', 'C178', 'C094', 'C112', 'C103', 'C193', 'C127', 'C155', 'C207']",0,-0.10759493670886076
salbp_instance_n=1000_203_cut259,grasp_tabu,700.0,35.0,630.0,0.26460909843444824,Completed,-10.76%,4,"['C015', 'C004', 'C010', 'C008', 'C018', 'C005', 'C031', 'C024', 'C023', 'C040', 'C033', 'C039', 'C044', 'C035', 'C051', 'C047', 'C055', 'C073', 'C061', 'C058', 'C077', 'C067', 'C092', 'C083', 'C094', 'C112', 'C103', 'C127', 'C117', 'C155', 'C140', 'C157', 'C178', 'C193', 'C207']",0,-0.10759493670886076
salbp_instance_n=1000_203_cut259,grasp_mns,700.0,35.0,630.0,0.016330718994140625,Completed,-10.76%,4,"['C010', 'C015', 'C033', 'C031', 'C004', 'C044', 'C047', 'C061', 'C008', 'C083', 'C103', 'C067', 'C023', 'C005', 'C039', 'C018', 'C058', 'C077', 'C035', 'C094', 'C112', 'C024', 'C040', 'C127', 'C055', 'C051', 'C073', 'C092', 'C155', 'C117', 'C140', 'C157', 'C178', 'C193', 'C207']",0,-0.10759493670886076
salbp_instance_n=1000_203_cut259,dijkstra_closure_min,82.0,4.0,10.0,4.0,Completed,87.03%,4,"['C008', 'C018', 'C035', 'C051']",0,0.870253164556962
