instance,algorithm,profit_closure,makespan_closure,score_dsp,time,status,gap,targets,seq_length_closure,violations_règles,rel_err_profit_vs_milp_closure
salbp_instance_n=1000_210_cut335,MILP_full_profit,824.0,42.0,903.0,1843.9488668441772,TimeLimit,18.19%,4,"['C008', 'C033', 'C006', 'C026', 'C011', 'C029', 'C027', 'C051', 'C054', 'C067', 'C086', 'C068', 'C010', 'C013', 'C087', 'C100', 'C113', 'C134', 'C034', 'C049', 'C065', 'C099', 'C112', 'C133', 'C158', 'C176', 'C191', 'C078', 'C095', 'C114', 'C135', 'C124', 'C159', 'C182', 'C149', 'C160', 'C177', 'C192', 'C210', 'C220', 'C242', 'C201']",0,
salbp_instance_n=1000_210_cut335,grasp_vnd,849.0,43.0,946.0,0.0630350112915039,Completed,-3.03%,4,"['C006', 'C026', 'C011', 'C008', 'C013', 'C010', 'C027', 'C034', 'C029', 'C054', 'C049', 'C065', 'C067', 'C078', 'C033', 'C086', 'C099', 'C112', 'C051', 'C124', 'C095', 'C149', 'C160', 'C133', 'C068', 'C177', 'C192', 'C087', 'C114', 'C100', 'C113', 'C134', 'C135', 'C159', 'C158', 'C182', 'C201', 'C176', 'C191', 'C210', 'C220', 'C242', 'C268']",0,-0.03033980582524272
salbp_instance_n=1000_210_cut335,grasp_tabu,849.0,43.0,946.0,0.36948657035827637,Completed,-3.03%,4,"['C011', 'C008', 'C029', 'C013', 'C027', 'C006', 'C026', 'C033', 'C010', 'C034', 'C054', 'C051', 'C067', 'C068', 'C049', 'C065', 'C087', 'C086', 'C099', 'C100', 'C112', 'C124', 'C149', 'C133', 'C160', 'C177', 'C192', 'C113', 'C134', 'C158', 'C176', 'C191', 'C078', 'C095', 'C114', 'C135', 'C210', 'C220', 'C242', 'C268', 'C159', 'C182', 'C201']",0,-0.03033980582524272
salbp_instance_n=1000_210_cut335,grasp_mns,849.0,43.0,946.0,0.02460932731628418,Completed,-3.03%,4,"['C010', 'C008', 'C034', 'C011', 'C013', 'C029', 'C054', 'C027', 'C006', 'C026', 'C049', 'C067', 'C033', 'C065', 'C086', 'C078', 'C051', 'C099', 'C095', 'C068', 'C087', 'C124', 'C114', 'C100', 'C135', 'C149', 'C112', 'C160', 'C159', 'C177', 'C182', 'C201', 'C113', 'C133', 'C134', 'C158', 'C192', 'C176', 'C191', 'C210', 'C220', 'C242', 'C268']",0,-0.03033980582524272
salbp_instance_n=1000_210_cut335,dijkstra_closure_min,66.0,3.0,6.0,3.0,Completed,91.99%,4,"['C006', 'C026', 'C268']",0,0.9199029126213593
